%time,field
1673961806607260192,0.0
1673961806625551020,0.0
1673961806645855698,0.0
1673961806665768168,0.0
1673961806686540085,0.0
1673961806707911941,0.0
1673961806726035312,0.0
1673961806746535252,0.0
1673961806770503775,0.0
1673961806785405534,0.0
1673961806806745489,0.0
1673961806827261258,0.0
1673961806846729401,0.0
1673961806876546426,0.0
1673961806886756982,0.0
1673961806909665419,0.0
1673961806926021681,0.0
1673961806946058084,0.0
1673961806969840115,0.0
1673961806985985252,0.0
1673961807010847766,0.0
1673961807025916238,0.0
1673961807046711901,0.0
1673961807065638456,0.0
1673961807088439360,0.0
1673961807109293373,0.0
1673961807127058136,0.0
1673961807147041729,0.0
1673961807167302863,0.0
1673961807189433662,0.0
1673961807208503214,0.0
1673961807226453459,0.0
1673961807246032857,0.0
1673961807268272024,0.0
1673961807288574863,0.0
1673961807308198259,0.0
1673961807329525239,0.0
1673961807345840985,0.0
1673961807368547496,0.0
1673961807387757093,0.0
1673961807405949144,0.0
1673961807426638137,0.0
1673961807445266770,0.0
1673961807465733431,0.0
1673961807485921661,0.0
1673961807509859032,0.0
1673961807527431405,0.0
1673961807546731131,0.0
1673961807565759743,0.0
1673961807585700679,0.0
1673961807606373876,0.0
1673961807630182158,0.0
1673961807646169804,0.0
1673961807669631255,0.0
1673961807685281336,0.0
1673961807707721624,0.0
1673961807728275988,0.0
1673961807745291130,0.0
1673961807768880942,0.0
1673961807786626650,0.0
1673961807808157114,0.0
1673961807825284979,0.0
1673961807845261295,0.0
1673961807865734198,0.0
1673961807885399063,0.0
1673961807907939768,0.0
1673961807925605255,0.0
1673961807945480340,0.0
1673961807969146587,0.0
1673961807985487461,0.0
1673961808007208135,0.0
1673961808025899469,0.0
1673961808045953037,0.0
1673961808068029399,0.0
1673961808086836807,0.0
1673961808107378951,0.0
1673961808125425378,0.0
1673961808145750831,0.0
1673961808168316612,0.0
1673961808185297903,0.0
1673961808206999269,0.0
1673961808225437851,0.0
1673961808245523086,0.0
1673961808265801301,0.0
1673961808285663752,0.0
1673961808305627579,0.0
1673961808326472194,0.0
1673961808345915398,0.0
1673961808365207855,0.0
1673961808385266937,0.0
1673961808407779883,0.0
1673961808425464090,0.0
1673961808449188134,0.0
1673961808465811329,0.0
1673961808487127441,0.0
1673961808506887940,0.0
1673961808525308584,0.0
1673961808547613601,0.0
1673961808566558496,0.0
1673961808586387739,0.0
1673961808605642393,0.0
1673961808625273843,0.0
1673961808645430469,0.0
1673961808665279309,0.0
1673961808685332921,0.0
1673961808707362151,0.0
1673961808725398708,0.0
1673961808745521824,0.0
1673961808765880856,0.0
1673961808791415162,0.0
1673961808811284893,0.0
1673961808826118628,0.0
1673961808845619175,0.0
1673961808875549952,0.0
1673961808889440957,0.0
1673961808905528924,0.0
1673961808929302095,0.0
1673961808947630939,0.0
1673961808966084501,0.0
1673961808986047722,0.0
1673961809007891131,0.0
1673961809026701684,0.0
1673961809047704370,0.0
1673961809066216161,0.0
1673961809095071995,0.0
1673961809112303268,0.0
1673961809126558240,0.0
1673961809146044797,0.0
1673961809166242413,0.0
1673961809189632299,0.0
1673961809207593320,0.0
1673961809225944428,0.0
1673961809246208417,0.0
1673961809266497682,0.0
1673961809285762915,0.0
1673961809306573768,0.0
1673961809325699002,0.0
1673961809347082570,0.0
1673961809379916754,0.0
1673961809386065489,0.0
1673961809406033772,0.0
1673961809425510649,0.0
1673961809446664147,0.0
1673961809465519018,0.0
1673961809485770371,0.0
1673961809505514183,0.0
1673961809527027305,0.0
1673961809545440725,0.0
1673961809571341987,0.0
1673961809586933085,0.0
1673961809606766282,0.0
1673961809625491184,0.0
1673961809645751388,0.0
1673961809665446152,0.0
1673961809686706180,0.0
1673961809706058165,0.0
1673961809725393271,0.0
1673961809746519208,0.0
1673961809765730539,0.0
1673961809785314374,0.0
1673961809808063237,0.0
1673961809825406232,0.0
1673961809847069162,0.0
1673961809865500396,0.0
1673961809885329764,0.0
1673961809909411114,0.0
1673961809925243614,0.0
1673961809945530663,0.0
1673961809965587124,0.0
1673961809985296166,0.0
1673961810007305765,0.0
1673961810025690811,0.0
1673961810045583073,0.0
1673961810066521315,0.0
1673961810091595691,0.0
1673961810105449143,0.0
1673961810127944512,0.0
1673961810145175657,0.0
1673961810166024204,0.0
1673961810186530139,0.0
1673961810205876140,0.0
1673961810225629889,0.0
1673961810247510290,0.0
1673961810266015746,0.0
1673961810291060728,0.0
1673961810307333360,0.0
1673961810326076071,0.0
1673961810345902534,0.0
1673961810367579917,0.0
1673961810385928976,0.0
1673961810406758606,0.0
1673961810432861259,0.0
1673961810448330505,0.0
1673961810465976733,0.0
1673961810488628451,0.0
1673961810506305520,0.0
1673961810525488175,0.0
1673961810545715534,0.0
1673961810565337090,0.0
1673961810585626790,0.0
1673961810606879095,0.0
1673961810626666362,0.0
1673961810645637852,0.0
1673961810676127742,0.0
1673961810685314735,0.0
1673961810708158872,0.0
1673961810725689185,0.0
1673961810745360874,0.0
1673961810768801876,0.0
1673961810785435179,0.0
1673961810808601482,0.0
1673961810825271460,0.0
1673961810845315807,0.0
1673961810880583070,0.0
1673961810886218748,0.0
1673961810909457498,0.0
1673961810925258885,0.0
1673961810945231540,0.0
1673961810968355272,0.0
1673961810985365693,0.0
1673961811006187326,0.0
1673961811025454561,0.0
1673961811045517668,0.0
1673961811066353364,0.0
1673961811092501097,0.0
1673961811107967531,0.0
1673961811125145064,0.0
1673961811145859784,0.0
1673961811166394148,0.0
1673961811186939655,0.0
1673961811207101323,0.0
1673961811225659114,0.0
1673961811245809390,0.0
1673961811265930754,0.0
1673961811285728767,0.0
1673961811306522804,0.0
1673961811325207898,0.0
1673961811345449949,0.0
1673961811369159723,0.0
1673961811385158328,0.0
1673961811406358655,0.0
1673961811425596554,0.0
1673961811445549308,0.0
1673961811465385411,0.0
1673961811485732185,0.0
1673961811505661953,0.0
1673961811526186160,0.0
1673961811545485754,0.0
1673961811565529806,0.0
1673961811586731690,0.0
1673961811607525762,0.0
1673961811625201230,0.0
1673961811645523342,0.0
1673961811674774766,0.0
1673961811685452387,0.0
1673961811705978810,0.0
1673961811725785155,0.0
1673961811745299659,0.0
1673961811765375726,0.0
1673961811785363755,0.413849512248
1673961811806132403,0.827699024497
1673961811827928715,1.24154853675
1673961811846072633,1.65539804899
1673961811873519094,2.06924756124
1673961811885381714,2.48309707349
1673961811907148298,2.89694658574
1673961811925340634,3.31079609799
1673961811945164926,3.72464561024
1673961811965743321,4.13849512248
1673961811985819906,4.27721392393
1673961812005305614,4.41593272537
1673961812025461730,4.55465152682
1673961812045232562,4.69337032827
1673961812066281594,4.83208912971
1673961812085978164,4.97080793116
1673961812105470859,5.1095267326
1673961812125664946,5.24824553405
1673961812145935401,5.38696433549
1673961812165739493,5.52568313694
1673961812188403704,5.47621044151
1673961812220009526,5.42673774609
1673961812225728713,5.37726505066
1673961812245588970,5.32779235524
1673961812272815741,5.27831965981
1673961812285475203,5.22884696439
1673961812311511133,5.17937426896
1673961812325573514,5.12990157353
1673961812345308722,5.08042887811
1673961812370600227,5.03095618268
1673961812385515934,4.86846922367
1673961812405652251,4.70598226465
1673961812425294031,4.54349530563
1673961812445784897,4.38100834661
1673961812467775926,4.2185213876
1673961812485541489,4.05603442858
1673961812511960253,3.89354746956
1673961812525879511,3.73106051054
1673961812545945277,3.56857355153
1673961812565149391,3.40608659251
1673961812585143951,3.18497961634
1673961812608460082,2.96387264018
1673961812626080908,2.74276566401
1673961812645491956,2.52165868784
1673961812665134046,2.30055171168
1673961812685205202,2.07944473551
1673961812705713820,1.85833775935
1673961812725615563,1.63723078318
1673961812745595196,1.19501683085
1673961812766196021,1.03548181166
1673961812794894070,0.875946792476
1673961812805522454,0.716411773289
1673961812825340904,0.556876754102
1673961812845502583,0.397341734916
1673961812869881474,0.237806715729
1673961812892695252,0.0782716965416
1673961812905146397,-0.0812633226453
1673961812925250702,-0.240798341832
1673961812945993243,-0.400333361019
1673961812965094774,-0.483048867788
1673961812985228473,-0.565764374556
1673961813005554370,-0.648479881324
1673961813025176682,-0.731195388093
1673961813045768567,-0.813910894861
1673961813065371453,-0.89662640163
1673961813085951472,-0.979341908398
1673961813105342885,-1.06205741517
1673961813125095287,-1.14477292194
1673961813145307910,-1.2274884287
1673961813165561364,-1.26664819504
1673961813185313248,-1.30580796138
1673961813205468857,-1.34496772772
1673961813225708402,-1.38412749406
1673961813245421172,-1.4232872604
1673961813265169754,-1.46244702674
1673961813285748471,-1.50160679308
1673961813306749810,-1.57992632575
1673961813325477283,-1.93979044678
1673961813345253885,-2.29965456781
1673961813369029122,-2.65951868883
1673961813386950362,-3.01938280986
1673961813405297378,-3.37924693088
1673961813425130742,-3.73911105191
1673961813445174850,-4.09897517293
1673961813465273407,-4.45883929396
1673961813485355802,-4.81870341498
1673961813505165761,-5.17856753601
1673961813525256756,-5.12099252181
1673961813545466907,-5.0634175076
1673961813565594812,-5.0058424934
1673961813592453930,-4.9482674792
1673961813611907297,-4.890692465
1673961813625378900,-4.8331174508
1673961813645799091,-4.77554243659
1673961813665153711,-4.71796742239
1673961813685271019,-4.66039240819
1673961813706126883,-4.60281739399
1673961813725248881,-4.29483706048
1673961813745897239,-3.98685672697
1673961813765141178,-3.67887639346
1673961813787282547,-3.37089605995
1673961813805423021,-3.06291572645
1673961813825151947,-2.75493539294
1673961813845122529,-2.13897472592
1673961813866926304,-1.89280812893
1673961813888103530,-1.64664153194
1673961813906102124,-1.40047493494
1673961813925405033,-1.15430833795
1673961813945165687,-0.908141740955
1673961813965179384,-0.661975143962
1673961813985887401,-0.415808546968
1673961814006691045,-0.169641949974
1673961814025308346,0.0765246470191
1673961814045370971,0.322691244013
1673961814065554596,0.511462289779
1673961814085255520,0.700233335545
1673961814105632304,0.889004381311
1673961814125534161,1.07777542708
1673961814145123198,1.26654647284
1673961814168398498,1.45531751861
1673961814185442328,1.64408856437
1673961814206194749,1.83285961014
1673961814228390375,2.02163065591
1673961814245837529,2.21040170167
1673961814265363886,2.32959927473
1673961814286113581,2.44879684779
1673961814306140468,2.56799442085
1673961814325580636,2.6871919939
1673961814345814473,2.80638956696
1673961814378774629,2.92558714002
1673961814391250929,3.16398228614
1673961814405569001,3.12238734943
1673961814425514601,3.08079241273
1673961814445281532,3.03919747603
1673961814465699489,2.99760253932
1673961814485929228,2.95600760262
1673961814506446561,2.91441266592
1673961814525205436,2.87281772921
1673961814545335243,2.83122279251
1673961814565944464,2.78962785581
1673961814585341596,2.7480329191
1673961814607587046,2.6663661534
1673961814625322505,2.58469938771
1673961814647318659,2.50303262201
1673961814666520236,2.42136585631
1673961814685464459,2.33969909061
1673961814706489870,2.25803232491
1673961814725475464,2.17636555921
1673961814745369403,2.09469879351
1673961814765211324,2.01303202782
1673961814785561105,1.93136526212
1673961814807987089,1.83241855765
1673961814825289375,1.73347185319
1673961814845255569,1.63452514873
1673961814872042577,1.53557844427
1673961814885728544,1.33768503534
1673961814906579848,1.26021725097
1673961814925236687,1.1827494666
1673961814945544356,1.10528168222
1673961814967127210,1.02781389785
1673961814985568326,0.950346113476
1673961815005717212,0.872878329103
1673961815025990777,0.79541054473
1673961815045309899,0.717942760357
1673961815065338866,0.640474975983
1673961815086224507,0.56300719161
1673961815105473175,0.499973676908
1673961815125636018,0.436940162206
1673961815145201182,0.373906647504
1673961815165279858,0.310873132801
1673961815186176050,0.247839618099
1673961815207841691,0.184806103397
1673961815225779599,0.121772588695
1673961815245148843,0.0587390739925
1673961815265227772,-0.00429444070968
1673961815285755437,-0.0673279554119
1673961815305247841,-0.123447092928
1673961815325200486,-0.179566230443
1673961815349108403,-0.235685367959
1673961815368607673,-0.291804505475
1673961815385305325,-0.34792364299
1673961815406980519,-0.404042780506
1673961815426787998,-0.460161918022
1673961815445323310,-0.572400193053
1673961815465405287,-0.533390764882
1673961815489286531,-0.494381336712
1673961815510326919,-0.455371908541
1673961815525139890,-0.41636248037
1673961815545435522,-0.377353052199
1673961815565247804,-0.338343624029
1673961815585622273,-0.299334195858
1673961815606288953,-0.260324767687
1673961815625311531,-0.221315339516
1673961815645155721,-0.182305911345
1673961815666610506,-0.174835629929
1673961815685768532,-0.167365348513
1673961815712821077,-0.159895067097
1673961815725568245,-0.15242478568
1673961815746459604,-0.144954504264
1673961815766049868,-0.137484222848
1673961815786405208,-0.130013941432
1673961815806520836,-0.122543660015
1673961815825502433,-0.115073378599
1673961815845243503,-0.107603097183
1673961815877699955,-0.128546127186
1673961815885276112,-0.149489157189
1673961815906541760,-0.170432187192
1673961815926766586,-0.191375217195
1673961815946524418,-0.233261277201
1673961815965304134,-0.225659068991
1673961815989183089,-0.218056860781
1673961816005272577,-0.210454652572
1673961816025160190,-0.202852444362
1673961816045620717,-0.195250236152
1673961816065238453,-0.187648027942
1673961816085341894,-0.180045819732
1673961816109061324,-0.172443611522
1673961816125514991,-0.164841403312
1673961816145497984,-0.157239195102
1673961816165284048,-0.142517455305
1673961816186260042,-0.127795715507
1673961816205282117,-0.11307397571
1673961816225353760,-0.0983522359124
1673961816245460417,-0.083630496115
1673961816265438627,-0.0689087563175
1673961816285896567,-0.0541870165201
1673961816305507569,-0.0394652767226
1673961816325258392,-0.0247435369252
1673961816345170568,-0.0100217971277
1673961816371811855,-0.00806292433337
1673961816385326621,-0.00610405153902
1673961816409028958,-0.00414517874466
1673961816425410196,-0.00218630595031
1673961816445379976,0.00173143963846
1673961816465522218,0.0184491550783
1673961816486320957,0.0351668705182
1673961816505714316,0.051884585958
1673961816525250512,0.0686023013979
1673961816545323015,0.0853200168377
1673961816569430412,0.102037732278
1673961816585432813,0.118755447717
1673961816606287652,0.135473163157
1673961816625832643,0.152190878597
1673961816645137819,0.168908594037
1673961816665259371,0.167043979147
1673961816686638910,0.165179364257
1673961816707720567,0.163314749366
1673961816725824083,0.161450134476
1673961816745386477,0.159585519586
1673961816765317952,0.157720904695
1673961816787643290,0.155856289805
1673961816805981007,0.153991674915
1673961816825412099,0.152127060025
1673961816845259443,0.150262445134
1673961816872923163,0.131358164727
1673961816885412647,0.112453884319
1673961816906391003,0.093549603911
1673961816925429739,0.0746453235032
1673961816950635367,0.0557410430954
1673961816965280790,0.0368367626875
1673961816986121707,0.0179324822797
1673961817005588712,-0.0198760785359
1673961817025655872,-0.00541002556853
1673961817045229976,0.00905602739882
1673961817065340720,0.0235220803662
1673961817085283052,0.0379881333335
1673961817106064658,0.0524541863009
1673961817125740127,0.0669202392682
1673961817145166812,0.0813862922356
1673961817165218857,0.095852345203
1673961817185562592,0.11031839817
1673961817206741908,0.124784451138
1673961817228238974,0.114917205691
1673961817245447048,0.105049960245
1673961817266612139,0.0951827147981
1673961817285806568,0.0853154693516
1673961817307944367,0.075448223905
1673961817325365136,0.0655809784585
1673961817345218858,0.055713733012
1673961817369064850,0.0458464875655
1673961817385954769,0.0359792421189
1673961817405841434,0.0261119966724
1673961817428292587,-0.0055422744728
1673961817445321557,-0.037196545618
1673961817465614715,-0.0688508167632
1673961817486576761,-0.100505087908
1673961817512239914,-0.132159359054
1673961817526803312,-0.163813630199
1673961817545624524,-0.227122172489
1673961817566193283,-0.202130220529
1673961817586916457,-0.177138268568
1673961817605285401,-0.152146316607
1673961817626235396,-0.127154364646
1673961817645883335,-0.102162412685
1673961817672709868,-0.0771704607242
1673961817685693991,-0.0521785087633
1673961817709366229,-0.0271865568025
1673961817728589529,-0.00219460484159
1673961817746916813,0.0227973471193
1673961817766405954,0.0275402631844
1673961817788254861,0.0322831792495
1673961817806572389,0.0370260953145
1673961817826403415,0.0417690113796
1673961817847362905,0.0465119274447
1673961817886421913,0.0512548435098
1673961817891747685,0.0559977595749
1673961817906375551,0.06074067564
1673961817927229263,0.0654835917051
1673961817945824538,0.0702265077702
1673961817968292348,0.0559462269942
1673961817985873910,0.0416659462183
1673961818008295013,0.0273856654423
1673961818029925000,0.0131053846663
1673961818045987172,-0.0154551768855
1673961818065544419,-0.0716086953719
1673961818085451487,-0.127762213858
1673961818106141759,-0.183915732345
1673961818125155862,-0.240069250831
1673961818146218533,-0.296222769317
1673961818167349483,-0.352376287804
1673961818186949882,-0.40852980629
1673961818207644336,-0.464683324777
1673961818229651745,-0.520836843263
1673961818245549397,-0.576990361749
1673961818266371929,-0.56917902757
1673961818286339545,-0.56136769339
1673961818307986249,-0.553556359211
1673961818326137687,-0.545745025031
1673961818345996904,-0.537933690852
1673961818376529054,-0.530122356672
1673961818387046044,-0.522311022492
1673961818408604860,-0.514499688313
1673961818428847427,-0.506688354133
1673961818447033226,-0.498877019954
1673961818470185342,-0.46655437441
1673961818485793889,-0.434231728867
1673961818505704965,-0.401909083324
1673961818527067270,-0.369586437781
1673961818547224519,-0.304941146694
1673961818566562100,-0.248017437915
1673961818586550927,-0.191093729135
1673961818614161925,-0.134170020356
1673961818626023877,-0.0772463115763
1673961818647485919,-0.0203226027968
1673961818665923381,0.0366011059826
1673961818699459978,0.093524814762
1673961818705663624,0.150448523541
1673961818727894488,0.207372232321
1673961818748383616,0.2642959411
1673961818765714190,0.28187976613
1673961818785833554,0.29946359116
1673961818812294424,0.31704741619
1673961818825287844,0.33463124122
1673961818847788952,0.35221506625
1673961818865599006,0.36979889128
1673961818887795410,0.38738271631
1673961818905150292,0.40496654134
1673961818935686668,0.42255036637
1673961818949534900,0.4401341914
1673961818966474077,0.426074128652
1673961818987616022,0.412014065904
1673961819012236367,0.397954003156
1673961819029823399,0.383893940408
1673961819045709936,0.369833877659
1673961819065431691,0.355773814911
1673961819089221675,0.341713752163
1673961819115666290,0.313593626666
1673961819131293028,0.314008584522
1673961819146383102,0.314423542377
1673961819165220948,0.314838500233
1673961819185628338,0.315253458088
1673961819208699440,0.315668415943
1673961819225236185,0.316083373799
1673961819245388032,0.316498331654
1673961819265501623,0.31691328951
1673961819288717242,0.317328247365
1673961819305579917,0.31774320522
1673961819332340804,0.297659889846
1673961819345444427,0.277576574472
1673961819370145452,0.257493259098
1673961819385379007,0.237409943724
1673961819405466089,0.21732662835
1673961819428173636,0.197243312976
1673961819445259384,0.177159997602
1673961819465791399,0.157076682228
1673961819485299951,0.136993366854
1673961819505469269,0.116910051479
1673961819530365654,0.0787391808435
1673961819545214990,0.0405683102075
1673961819565263905,0.00239743957159
1673961819586179436,-0.0357734310644
1673961819605158691,-0.112115172336
1673961819625507650,-0.166361816202
1673961819647670540,-0.220608460068
1673961819666175707,-0.274855103933
1673961819685670260,-0.329101747799
1673961819705660794,-0.383348391665
1673961819726472778,-0.43759503553
1673961819745446439,-0.491841679396
1673961819766528829,-0.546088323262
1673961819787916428,-0.600334967128
1673961819808516577,-0.654581610993
1673961819825326474,-0.654338312833
1673961819852969852,-0.654095014673
1673961819867675988,-0.653851716512
1673961819891463749,-0.653608418352
1673961819905298132,-0.653365120192
1673961819928271643,-0.653121822032
1673961819946822991,-0.652878523871
1673961819966661839,-0.652635225711
1673961819986332741,-0.652391927551
1673961820011726944,-0.65214862939
1673961820025510620,-0.632387672735
1673961820046042593,-0.612626716079
1673961820066281742,-0.592865759423
1673961820087133289,-0.573104802768
1673961820106895328,-0.553343846112
1673961820125493716,-0.533582889456
1673961820147895927,-0.494060976145
1673961820166005548,-0.425328389023
1673961820192584639,-0.356595801902
1673961820208244705,-0.287863214781
1673961820226303281,-0.219130627659
1673961820245301724,-0.150398040538
1673961820266413518,-0.0816654534168
1673961820285954130,-0.0129328662955
1673961820305657113,0.0557997208258
1673961820326059315,0.124532307947
1673961820345763701,0.193264895068
1673961820370931321,0.216752086414
1673961820386198647,0.24023927776
1673961820405549309,0.263726469106
1673961820427376457,0.287213660452
1673961820445243564,0.310700851798
1673961820470148013,0.334188043144
1673961820487288280,0.357675234489
1673961820505690573,0.381162425835
1673961820536858548,0.404649617181
1673961820545476790,0.428136808527
1673961820565527784,0.417090570773
1673961820592201458,0.406044333019
1673961820605971530,0.394998095265
1673961820630335976,0.383951857511
1673961820646051118,0.372905619757
1673961820671046559,0.361859382003
1673961820685725744,0.350813144249
1673961820715865117,0.328720668741
1673961820729615702,0.166789424867
1673961820746039311,0.00485818099273
1673961820771917889,-0.157073062881
1673961820789042528,-0.319004306755
1673961820805365234,-0.480935550629
1673961820828244175,-0.642866794503
1673961820846971602,-0.804798038377
1673961820868583068,-0.966729282251
1673961820890217113,-1.12866052612
1673961820908546407,-1.29059177
1673961820925141909,-1.27169715808
1673961820946070346,-1.25280254617
1673961820965965996,-1.23390793425
1673961820986646275,-1.21501332233
1673961821015662024,-1.19611871042
1673961821026883108,-1.1772240985
1673961821045731953,-1.15832948659
1673961821067209741,-1.13943487467
1673961821086952045,-1.12054026275
1673961821106240969,-1.10164565084
1673961821125378859,-1.0173313863
1673961821146194536,-0.933017121755
1673961821172607800,-0.848702857215
1673961821195645774,-0.764388592674
1673961821205677803,-0.680074328133
1673961821227364367,-0.595760063592
1673961821246179480,-0.427131534511
1673961821265212597,-0.351543851599
1673961821285909528,-0.275956168687
1673961821306164013,-0.200368485775
1673961821326478324,-0.124780802863
1673961821346312281,-0.0491931199517
1673961821376620965,0.0263945629601
1673961821402007179,0.101982245872
1673961821410764339,0.177569928784
1673961821436456270,0.253157611695
1673961821445889104,0.328745294607
1673961821469012862,0.257115098599
1673961821493577664,0.18548490259
1673961821505265887,0.113854706582
1673961821525319087,0.0422245105735
1673961821545146243,-0.029405685435
1673961821565128171,-0.101035881443
1673961821586028498,-0.172666077452
1673961821609526797,-0.24429627346
1673961821626332355,-0.315926469469
1673961821645201919,-0.387556665477
1673961821665202991,-0.527033284679
1673961821698460313,-0.66650990388
1673961821705691642,-0.805986523081
1673961821731409436,-0.945463142283
1673961821745571737,-1.08493976148
1673961821765243480,-1.22441638069
1673961821787335612,-1.36389299989
1673961821805294124,-1.64284623829
1673961821825649012,-1.76852915611
1673961821845681143,-1.89421207392
1673961821868783125,-2.01989499174
1673961821885816294,-2.14557790956
1673961821906445976,-2.27126082738
1673961821925319487,-2.39694374519
1673961821945899809,-2.52262666301
1673961821965674723,-2.64830958083
1673961821985176719,-2.77399249864
1673961822005346250,-2.89967541646
1673961822026542384,-2.99985759744
1673961822045236178,-3.10003977841
1673961822065370825,-3.20022195938
1673961822085324940,-3.30040414035
1673961822108532909,-3.40058632133
1673961822125686058,-3.5007685023
1673961822145795080,-3.60095068327
1673961822165829179,-3.70113286425
1673961822188806560,-3.80131504522
1673961822205323666,-3.90149722619
1673961822226060151,-3.84989064561
1673961822245272844,-3.79828406502
1673961822265916986,-3.74667748444
1673961822292712508,-3.69507090385
1673961822307827631,-3.59185774268
1673961822326582521,-3.39921879145
1673961822345604744,-3.20657984021
1673961822368321035,-3.01394088897
1673961822386098025,-2.82130193773
1673961822408634424,-2.6286629865
1673961822425639610,-2.43602403526
1673961822446856742,-2.24338508402
1673961822465958058,-2.05074613278
1673961822489509566,-1.85810718155
1673961822505512267,-1.66546823031
1673961822525154413,-1.46159905139
1673961822545784780,-1.25772987247
1673961822565310455,-1.05386069355
1673961822585306614,-0.849991514636
1673961822605559850,-0.646122335718
1673961822625205655,-0.4422531568
1673961822645171597,-0.238383977882
1673961822675308726,-0.0345147989641
1673961822695984571,0.169354379954
1673961822706073288,0.373223558872
1673961822726463503,0.335901202985
1673961822745962192,0.298578847098
1673961822765218943,0.26125649121
1673961822796680488,0.223934135323
1673961822809424418,0.186611779436
1673961822826138942,0.149289423549
1673961822845429258,0.111967067662
1673961822874005892,0.0746447117743
1673961822886384652,0.0373223558871
1673961822925547614,-8.881784197e-14
1673961822950353220,-8.881784197e-14
1673961822965535030,-8.881784197e-14
1673961822985392625,-8.881784197e-14
1673961823005345575,-8.881784197e-14
1673961823025437337,-8.881784197e-14
1673961823045731428,-8.881784197e-14
1673961823065639517,-8.881784197e-14
1673961823085760024,-8.881784197e-14
1673961823109869622,-8.881784197e-14
1673961823127394351,-8.881784197e-14
1673961823145407967,-8.881784197e-14
1673961823165171990,-8.881784197e-14
1673961823186676788,-8.881784197e-14
1673961823208557767,-8.881784197e-14
1673961823225694763,-8.881784197e-14
1673961823247954664,-8.881784197e-14
1673961823269403965,-8.881784197e-14
1673961823285495267,-8.881784197e-14
1673961823317051077,-8.881784197e-14
1673961823325182237,-8.881784197e-14
1673961823345921727,-8.881784197e-14
1673961823366367880,-8.881784197e-14
1673961823391160499,-8.881784197e-14
1673961823407296735,-8.881784197e-14
1673961823426257100,-8.881784197e-14
1673961823454250024,-8.881784197e-14
1673961823465612050,-8.881784197e-14
1673961823485730678,-8.881784197e-14
1673961823510704110,-8.881784197e-14
1673961823525383212,-8.881784197e-14
1673961823545914444,-8.881784197e-14
1673961823565386919,-8.881784197e-14
1673961823586078345,-8.881784197e-14
1673961823609925301,-8.881784197e-14
1673961823634645604,-8.881784197e-14
1673961823648107218,-8.881784197e-14
1673961823667771128,-8.881784197e-14
1673961823686275137,-8.881784197e-14
1673961823706991731,-8.881784197e-14
1673961823725438346,-8.881784197e-14
1673961823745444428,-8.881784197e-14
1673961823768419959,-8.881784197e-14
1673961823794354570,-8.881784197e-14
1673961823805375681,-8.881784197e-14
1673961823825686575,-8.881784197e-14
1673961823845369922,-8.881784197e-14
1673961823884918808,-8.881784197e-14
1673961823886903829,-8.881784197e-14
1673961823915922197,-8.881784197e-14
1673961823925504385,-8.881784197e-14
1673961823963245188,-8.881784197e-14
1673961823965861855,-8.881784197e-14
1673961823993669679,-8.881784197e-14
1673961824006342927,-8.881784197e-14
1673961824025875545,-8.881784197e-14
1673961824045585207,-8.881784197e-14
1673961824066710042,-8.881784197e-14
1673961824089034653,-1.7763568394e-13
1673961824112226409,-0.103096284236
1673961824130718345,-0.206192568471
1673961824145841881,-0.309288852706
1673961824165663718,-0.412385136942
1673961824186630052,-0.515481421177
1673961824205218750,-0.618577705413
1673961824226108518,-0.721673989648
1673961824245455087,-0.824770273884
1673961824269759788,-0.927866558119
1673961824285614136,-1.03096284235
1673961824308263106,-1.0643581574
1673961824325658058,-1.09775347245
1673961824345168330,-1.1311487875
1673961824373353781,-1.16454410255
1673961824385479897,-1.1979394176
1673961824405362033,-1.23133473265
1673961824426041939,-1.26473004769
1673961824445190164,-1.29812536274
1673961824465384935,-1.33152067779
1673961824485213925,-1.36491599284
1673961824505829670,-1.34648006187
1673961824525759130,-1.32804413089
1673961824546325845,-1.30960819992
1673961824565694035,-1.29117226894
1673961824585354938,-1.27273633797
1673961824608038256,-1.25430040699
1673961824626868238,-1.23586447602
1673961824645509953,-1.21742854504
1673961824671847845,-1.19899261407
1673961824690065023,-1.1805566831
1673961824708751867,-1.12815951962
1673961824738515296,-1.07576235614
1673961824746441630,-1.02336519266
1673961824769114016,-0.970968029177
1673961824785763211,-0.918570865697
1673961824812225482,-0.866173702218
1673961824834669411,-0.813776538738
1673961824848134282,-0.761379375258
1673961824872949891,-0.708982211778
1673961824887368974,-0.656585048299
1673961824905949083,-0.588096132141
1673961824926446864,-0.519607215984
1673961824953765946,-0.451118299827
1673961824965874579,-0.38262938367
1673961824987081294,-0.314140467513
1673961825005510814,-0.245651551356
1673961825025405534,-0.177162635199
1673961825046341979,-0.0401848028842
1673961825068849244,0.00035439781688
1673961825087305145,0.040893598518
1673961825105966619,0.081432799219
1673961825126974861,0.12197199992
1673961825146666780,0.162511200621
1673961825165971060,0.203050401322
1673961825206836891,0.243589602023
1673961825206840875,0.284128802724
1673961825226007330,0.324668003425
1673961825247451928,0.365207204127
1673961825271416910,0.403364315466
1673961825286157552,0.441521426805
1673961825305253502,0.479678538145
1673961825326169643,0.517835649484
1673961825345794524,0.555992760823
1673961825369233942,0.594149872163
1673961825388287915,0.632306983502
1673961825405407143,0.670464094842
1673961825425794957,0.708621206181
1673961825449261898,0.74677831752
1673961825467860715,0.772424458267
1673961825485336780,0.798070599013
1673961825506782186,0.82371673976
1673961825526859079,0.849362880506
1673961825545691168,0.900655161998
1673961825571146993,0.909699505883
1673961825590757601,0.918743849767
1673961825605340389,0.927788193652
1673961825632427734,0.936832537536
1673961825647198135,0.945876881421
1673961825666684479,0.954921225305
1673961825689017043,0.96396556919
1673961825705512497,0.973009913074
1673961825736126693,0.982054256959
1673961825749998333,0.991098600843
1673961825770699042,0.984478035333
1673961825785916986,0.977857469822
1673961825805788444,0.971236904312
1673961825831787074,0.964616338801
1673961825845335262,0.95799577329
1673961825897196514,0.95137520778
1673961825897313590,0.944754642269
1673961825909302473,0.938134076759
1673961825926623053,0.931513511248
1673961825951969951,0.924892945738
1673961825966337704,0.90697781789
1673961825992651011,0.889062690043
1673961826006057484,0.871147562195
1673961826025942520,0.853232434348
1673961826053132967,0.817402178653
1673961826078378678,0.815361147604
1673961826089975888,0.813320116556
1673961826107840413,0.811279085508
1673961826128045543,0.809238054459
1673961826158704298,0.807197023411
1673961826168242486,0.805155992363
1673961826205139762,0.803114961314
1673961826234814332,0.801073930266
1673961826234817693,0.799032899218
1673961826249092706,0.796991868169
1673961826265606371,0.759645861321
1673961826285982817,0.722299854474
1673961826329641330,0.684953847626
1673961826329751366,0.647607840778
1673961826346716475,0.61026183393
1673961826366098748,0.572915827082
1673961826386551699,0.535569820234
1673961826407363726,0.498223813387
1673961826425735736,0.460877806539
1673961826449217782,0.423531799691
1673961826466841451,0.373878536027
1673961826485662783,0.324225272364
1673961826508008710,0.274572008701
1673961826526770276,0.175265481374
1673961826545834639,0.146484847262
1673961826568560884,0.11770421315
1673961826586154310,0.0889235790381
1673961826616113591,0.0601429449261
1673961826625890654,0.0313623108141
1673961826645981531,0.00258167670214
1673961826670536135,-0.0261989574098
1673961826686962864,-0.0549795915218
1673961826712164448,-0.0837602256338
1673961826727298221,-0.112540859746
1673961826746028215,-0.197613851812
1673961826777895416,-0.282686843878
1673961826793647412,-0.367759835944
1673961826809509822,-0.45283282801
1673961826827255821,-0.537905820076
1673961826846127882,-0.622978812142
1673961826875400216,-0.708051804208
1673961826886157530,-0.793124796274
1673961826907161771,-0.878197788339
1673961826929626892,-0.963270780405
1673961826945848647,-0.866943702365
1673961826967226115,-0.770616624324
1673961826987234279,-0.674289546284
1673961827012195146,-0.577962468243
1673961827027878146,-0.481635390203
1673961827045377626,-0.385308312162
1673961827066176145,-0.288981234122
1673961827087819738,-0.192654156081
1673961827105498008,-0.0963270780405
1673961827146436292,8.881784197e-14
1673961827166193766,8.881784197e-14
1673961827185554835,8.881784197e-14
1673961827205930853,8.881784197e-14
1673961827225786531,8.881784197e-14
1673961827245337701,8.881784197e-14
1673961827267238125,8.881784197e-14
1673961827285754314,8.881784197e-14
1673961827305463379,8.881784197e-14
1673961827326219508,8.881784197e-14
1673961827347722792,8.881784197e-14
1673961827366030643,8.881784197e-14
1673961827385609390,8.881784197e-14
1673961827408092049,8.881784197e-14
1673961827425609320,8.881784197e-14
1673961827445899057,8.881784197e-14
1673961827465317469,8.881784197e-14
1673961827485582326,8.881784197e-14
1673961827505432077,8.881784197e-14
1673961827530332145,8.881784197e-14
1673961827545377834,8.881784197e-14
1673961827566118219,8.881784197e-14
1673961827585974011,8.881784197e-14
1673961827605961422,8.881784197e-14
1673961827625254672,8.881784197e-14
1673961827645990572,8.881784197e-14
1673961827665992065,8.881784197e-14
1673961827685496571,8.881784197e-14
1673961827711756438,8.881784197e-14
1673961827725226306,8.881784197e-14
1673961827746344359,8.881784197e-14
1673961827765565194,8.881784197e-14
1673961827788682120,8.881784197e-14
1673961827805662545,8.881784197e-14
1673961827828076509,8.881784197e-14
1673961827845749076,8.881784197e-14
1673961827870627300,8.881784197e-14
1673961827885768647,8.881784197e-14
1673961827905473106,8.881784197e-14
1673961827925989600,8.881784197e-14
1673961827945668633,8.881784197e-14
1673961827980969017,8.881784197e-14
1673961827988037876,8.881784197e-14
1673961828005403940,8.881784197e-14
1673961828027620503,8.881784197e-14
1673961828045640604,8.881784197e-14
1673961828070259874,8.881784197e-14
1673961828086497532,8.881784197e-14
1673961828106823209,8.881784197e-14
1673961828125732376,8.881784197e-14
1673961828146925329,8.881784197e-14
1673961828165816581,8.881784197e-14
1673961828186261027,8.881784197e-14
1673961828210940779,8.881784197e-14
1673961828225871324,8.881784197e-14
1673961828246089204,8.881784197e-14
1673961828265414015,8.881784197e-14
1673961828287605818,8.881784197e-14
1673961828305562121,8.881784197e-14
1673961828325657936,8.881784197e-14
1673961828345837813,8.881784197e-14
1673961828369505609,8.881784197e-14
1673961828385437098,8.881784197e-14
1673961828405277375,8.881784197e-14
1673961828425421922,8.881784197e-14
1673961828450874405,8.881784197e-14
1673961828465513127,8.881784197e-14
1673961828487714250,8.881784197e-14
1673961828505275875,8.881784197e-14
1673961828525410903,8.881784197e-14
1673961828546276446,8.881784197e-14
1673961828566136255,8.881784197e-14
1673961828585550299,8.881784197e-14
1673961828607803342,8.881784197e-14
1673961828625280940,8.881784197e-14
1673961828645466819,8.881784197e-14
1673961828669370369,8.881784197e-14
1673961828700437001,8.881784197e-14
1673961828706413482,8.881784197e-14
1673961828726702975,8.881784197e-14
1673961828745332770,8.881784197e-14
1673961828770883701,8.881784197e-14
1673961828794290271,8.881784197e-14
1673961828816150634,8.881784197e-14
1673961828828674692,8.881784197e-14
1673961828846192316,8.881784197e-14
1673961828869370455,8.881784197e-14
1673961828885248568,8.881784197e-14
1673961828906569033,8.881784197e-14
1673961828927075671,8.881784197e-14
1673961828946113374,8.881784197e-14
1673961828965533704,8.881784197e-14
1673961828986236590,8.881784197e-14
1673961829005832106,8.881784197e-14
1673961829026056987,8.881784197e-14
1673961829045323668,8.881784197e-14
1673961829066141379,8.881784197e-14
1673961829085614111,8.881784197e-14
1673961829106384961,8.881784197e-14
1673961829130975474,8.881784197e-14
1673961829145364379,8.881784197e-14
1673961829166601863,8.881784197e-14
1673961829188465368,8.881784197e-14
1673961829205882271,8.881784197e-14
1673961829227232133,8.881784197e-14
1673961829245206955,-0.447732859046
1673961829268722674,-0.895465718091
1673961829286951255,-1.34319857714
1673961829305476294,-1.79093143618
1673961829327197601,-2.23866429523
1673961829345260085,-2.68639715427
1673961829379454353,-3.13413001332
1673961829385467518,-3.58186287237
1673961829405796370,-4.02959573141
1673961829425836658,-4.47732859046
1673961829446079245,-4.5958425026
1673961829472992637,-4.71435641474
1673961829486222011,-4.83287032688
1673961829505416874,-4.95138423902
1673961829525434597,-5.06989815116
1673961829545597151,-5.1884120633
1673961829566364155,-5.30692597544
1673961829586022913,-5.42543988758
1673961829606891883,-5.54395379972
1673961829627578838,-5.66246771186
1673961829646493688,-5.5791969219
1673961829667658728,-5.49592613195
1673961829687155877,-5.41265534199
1673961829707665105,-5.32938455203
1673961829725747927,-5.24611376208
1673961829745549982,-5.16284297212
1673961829772572433,-5.07957218217
1673961829788456307,-4.99630139221
1673961829807980685,-4.91303060225
1673961829826106599,-4.8297598123
1673961829845313537,-4.65965837955
1673961829873678189,-4.48955694679
1673961829885945463,-4.31945551404
1673961829905458901,-4.14935408129
1673961829925356815,-3.97925264853
1673961829946854508,-3.80915121578
1673961829965800172,-3.63904978303
1673961829985681024,-3.46894835027
1673961830005225531,-3.29884691752
1673961830025726510,-3.12874548477
1673961830045592313,-2.91417472312
1673961830066519527,-2.69960396147
1673961830086467637,-2.48503319982
1673961830105573822,-2.27046243817
1673961830125357088,-2.05589167653
1673961830145982832,-1.62675015323
1673961830166321378,-1.42162061677
1673961830185571682,-1.21649108031
1673961830205447390,-1.01136154385
1673961830226549799,-0.806232007391
1673961830245551885,-0.601102470931
1673961830271188054,-0.395972934472
1673961830285291302,-0.190843398013
1673961830305682569,0.0142861384469
1673961830325836117,0.219415674906
1673961830345164353,0.424545211366
1673961830379846336,0.545938550772
1673961830385374599,0.667331890178
1673961830411808727,0.788725229583
1673961830427811260,0.910118568989
1673961830445140790,1.0315119084
1673961830465183721,1.1529052478
1673961830485725255,1.27429858721
1673961830505448731,1.39569192661
1673961830525672725,1.51708526602
1673961830545219825,1.63847860542
1673961830568975727,1.69542944295
1673961830585812034,1.75238028047
1673961830605337257,1.809331118
1673961830625257164,1.86628195552
1673961830645260971,1.98018363057
1673961830667349786,1.92602552237
1673961830693473106,1.87186741416
1673961830708817885,1.81770930596
1673961830742658756,1.76355119775
1673961830748026073,1.70939308954
1673961830766543248,1.65523498134
1673961830793481436,1.60107687313
1673961830810429322,1.54691876493
1673961830825806150,1.49276065672
1673961830845293335,1.43860254852
1673961830871015891,1.35746908177
1673961830889101878,1.27633561502
1673961830906358921,1.19520214827
1673961830925193256,1.11406868153
1673961830949735747,1.03293521478
1673961830978208561,0.95180174803
1673961830986671376,0.870668281282
1673961831013327694,0.789534814535
1673961831026585890,0.708401347787
1673961831045904114,0.62726788104
1673961831066941707,0.564294376257
1673961831085237208,0.501320871475
1673961831105723953,0.438347366693
1673961831125746721,0.37537386191
1673961831145381340,0.312400357128
1673961831168701431,0.249426852346
1673961831187561404,0.186453347563
1673961831207688705,0.123479842781
1673961831225933198,-0.0024671667834
1673961831247520267,-0.00747843988528
1673961831265395351,-0.0124897129872
1673961831285626509,-0.017500986089
1673961831305572446,-0.0225122591909
1673961831329644279,-0.0275235322928
1673961831346054889,-0.0325348053947
1673961831365475445,-0.0375460784966
1673961831396250382,-0.0425573515984
1673961831407662884,-0.0475686247003
1673961831430633218,-0.0525798978022
1673961831449157784,-0.0639095278491
1673961831470889664,-0.0752391578961
1673961831508327952,-0.086568787943
1673961831508368286,-0.0978984179899
1673961831526593674,-0.109228048037
1673961831555005182,-0.120557678084
1673961831571368894,-0.131887308131
1673961831586071783,-0.143216938178
1673961831605597527,-0.154546568225
1673961831627845468,-0.165876198272
1673961831645619155,-0.172391687083
1673961831665362501,-0.178907175895
1673961831706428070,-0.185422664707
1673961831706485595,-0.191938153518
1673961831725659457,-0.19845364233
1673961831747016354,-0.211484619953
1673961831765621636,-0.233649524441
1673961831787271941,-0.255814428929
1673961831806706305,-0.277979333416
1673961831827502751,-0.300144237904
1673961831845223911,-0.322309142392
1673961831877104862,-0.344474046879
1673961831885606842,-0.366638951367
1673961831906536685,-0.388803855855
1673961831925160489,-0.410968760343
1673961831946313342,-0.43313366483
1673961831967617251,-0.430024558819
1673961831985143172,-0.426915452808
1673961832005887627,-0.423806346797
1673961832025301525,-0.420697240787
1673961832045219116,-0.417588134776
1673961832066056436,-0.414479028765
1673961832085394145,-0.411369922754
1673961832105836808,-0.408260816743
1673961832126118170,-0.405151710732
1673961832145451216,-0.402042604721
1673961832166052379,-0.379027130176
1673961832186260190,-0.35601165563
1673961832205334650,-0.332996181085
1673961832225992763,-0.309980706539
1673961832245130415,-0.286965231994
1673961832265637300,-0.263949757448
1673961832285752870,-0.240934282903
1673961832305601944,-0.194903333812
1673961832326369898,-0.200053923464
1673961832350677651,-0.205204513116
1673961832375956715,-0.210355102768
1673961832385316933,-0.21550569242
1673961832412099109,-0.220656282072
1673961832425414267,-0.225806871724
1673961832450027706,-0.230957461376
1673961832465173954,-0.236108051028
1673961832485729392,-0.24125864068
1673961832509263482,-0.246409230332
1673961832525289894,-0.22987179013
1673961832545947715,-0.213334349927
1673961832566362165,-0.196796909725
1673961832585902752,-0.180259469522
1673961832605489902,-0.16372202932
1673961832625781515,-0.147184589118
1673961832645253327,-0.130647148915
1673961832665481197,-0.114109708713
1673961832686251851,-0.0975722685103
1673961832709063243,-0.0810348283078
1673961832727057628,-0.0452001111766
1673961832745890517,-0.00936539404538
1673961832772767502,0.0264693230858
1673961832785418659,0.0623040402171
1673961832806000002,0.0981387573483
1673961832846833927,0.13397347448
1673961832846854832,0.205642908742
1673961832865458736,0.18002875956
1673961832895964935,0.154414610377
1673961832905664484,0.128800461195
1673961832927011130,0.103186312012
1673961832956179304,0.07757216283
1673961832967766453,0.0519580136476
1673961832987743435,0.0263438644652
1673961833005720786,0.000729715282795
1673961833025477012,-0.0248844338996
1673961833045604604,-0.050498583082
1673961833070826504,-0.0474161502035
1673961833086524237,-0.0443337173249
1673961833106006296,-0.0412512844464
1673961833127952368,-0.0381688515679
1673961833148288407,-0.0350864186894
1673961833168377914,-0.0320039858108
1673961833193888501,-0.0289215529323
1673961833205983740,-0.0258391200538
1673961833225593447,-0.0227566871753
1673961833245902297,-0.0196742542967
1673961833275615009,0.00856353384004
1673961833285731915,0.0368013219768
1673961833307768302,0.0650391101136
1673961833326631190,0.0932768982504
1673961833345306510,0.149752474524
1673961833367990190,0.169373549465
1673961833386832635,0.188994624406
1673961833405224059,0.208615699348
1673961833425673706,0.228236774289
1673961833450429442,0.24785784923
1673961833466435047,0.267478924171
1673961833485736351,0.287099999112
1673961833506851676,0.306721074054
1673961833525229651,0.326342148995
1673961833547362504,0.345963223936
1673961833565451531,0.329355049552
1673961833586107111,0.312746875167
1673961833605699614,0.296138700783
1673961833625559980,0.279530526398
1673961833645571556,0.262922352014
1673961833670937320,0.246314177629
1673961833686403492,0.229706003245
1673961833710380603,0.213097828861
1673961833726088641,0.196489654476
1673961833753134635,0.179881480092
1673961833774249847,0.163299462184
1673961833785615845,0.146717444276
1673961833805885405,0.130135426368
1673961833825587845,0.11355340846
1673961833845152850,0.0969713905516
1673961833865205782,0.0803893726436
1673961833891868242,0.0638073547356
1673961833907889095,0.0306433189196
1673961833925500248,0.0101129037223
1673961833948977079,-0.0104175114751
1673961833968999414,-0.0309479266724
1673961833985373788,-0.0514783418698
1673961834008384593,-0.0720087570671
1673961834025842746,-0.0925391722644
1673961834045197545,-0.113069587462
1673961834065669601,-0.133600002659
1673961834085378297,-0.154130417856
1673961834105472823,-0.174660833054
1673961834125221649,-0.174163191944
1673961834145378823,-0.173665550835
1673961834165254342,-0.173167909726
1673961834185829948,-0.172670268616
1673961834205636002,-0.172172627507
1673961834225644249,-0.171674986398
1673961834245119065,-0.171177345288
1673961834268281683,-0.170679704179
1673961834285497169,-0.170182063069
1673961834305246992,-0.16968442196
1673961834325879311,-0.150672472846
1673961834345218885,-0.131660523732
1673961834369083117,-0.112648574618
1673961834387160173,-0.0936366255043
1673961834405815126,-0.0746246763904
1673961834426755514,-0.0556127272765
1673961834445310621,-0.0175888290487
1673961834467420480,-0.0365943957959
1673961834485241611,-0.0555999625431
1673961834507122722,-0.0746055292903
1673961834525565667,-0.0936110960375
1673961834546449924,-0.112616662785
1673961834565264983,-0.131622229532
1673961834585703390,-0.150627796279
1673961834605225845,-0.169633363026
1673961834625410944,-0.188638929774
1673961834645990576,-0.207644496521
1673961834665504403,-0.198647414304
1673961834685561568,-0.189650332087
1673961834709973752,-0.18065324987
1673961834725161335,-0.171656167653
1673961834749661076,-0.162659085436
1673961834765521806,-0.153662003219
1673961834809587872,-0.144664921002
1673961834810398237,-0.135667838785
1673961834825788566,-0.126670756568
1673961834848389692,-0.117673674351
1673961834868186733,-0.0848961174168
1673961834885837364,-0.0521185604824
1673961834905423428,-0.0193410035481
1673961834925396161,0.0134365533863
1673961834945777248,0.078991667255
1673961834969484025,0.0907263216556
1673961834986263670,0.102460976056
1673961835006447985,0.114195630457
1673961835026116472,0.125930284857
1673961835045785516,0.137664939258
1673961835065410964,0.149399593658
1673961835088279645,0.161134248059
1673961835107843930,0.172868902459
1673961835125347789,0.18460355686
1673961835145451961,0.19633821126
1673961835173977303,0.195439303261
1673961835186098614,0.194540395263
1673961835206518822,0.193641487264
1673961835228121922,0.192742579265
1673961835245198308,0.191843671267
1673961835272743779,0.190944763268
1673961835285362774,0.190045855269
1673961835305297336,0.18914694727
1673961835325798419,0.188248039272
1673961835345808219,0.187349131273
1673961835366673204,0.186175477521
1673961835385265995,0.18500182377
1673961835410207613,0.183828170018
1673961835425913193,0.182654516267
1673961835445171289,0.181480862515
1673961835465655619,0.180307208764
1673961835485789953,0.179133555012
1673961835505219993,0.176786247509
1673961835525516082,0.147365618377
1673961835545382159,0.117944989245
1673961835565998548,0.0885243601129
1673961835585555980,0.0591037309808
1673961835605180419,0.0296831018487
1673961835625485201,0.000262472716512
1673961835646171076,-0.0291581564156
1673961835665164230,-0.0585787855478
1673961835685374778,-0.0879994146799
1673961835708009815,-0.117420043812
1673961835726103019,-0.122797140247
1673961835745260432,-0.128174236681
1673961835765227021,-0.133551333116
1673961835788097996,-0.138928429551
1673961835805298955,-0.144305525985
1673961835825179121,-0.14968262242
1673961835845247887,-0.155059718855
1673961835869320516,-0.160436815289
1673961835886461888,-0.165813911724
1673961835910896011,-0.171191008158
1673961835925506217,-0.150101600055
1673961835945141266,-0.129012191951
1673961835967069162,-0.107922783847
1673961835985401741,-0.0868333757425
1673961836005203609,-0.0657439676385
1673961836025152742,-0.0446545595345
1673961836045677814,-0.00247574332648
1673961836066816562,-0.0196190497377
1673961836086437946,-0.0367623561489
1673961836105154620,-0.0539056625601
1673961836125271933,-0.0710489689713
1673961836145200080,-0.0881922753825
1673961836165338542,-0.105335581794
1673961836186175390,-0.122478888205
1673961836205899802,-0.139622194616
1673961836225491473,-0.156765501027
1673961836245278122,-0.173908807439
1673961836266188014,-0.17224055303
1673961836286615276,-0.170572298622
1673961836308140524,-0.168904044214
1673961836325302623,-0.167235789806
1673961836347121851,-0.165567535398
1673961836370314386,-0.16389928099
1673961836394017528,-0.162231026582
1673961836406512329,-0.160562772174
1673961836426480845,-0.158894517766
1673961836446231272,-0.157226263357
1673961836472230547,-0.138378621397
1673961836486802462,-0.119530979437
1673961836505334322,-0.100683337477
1673961836525637650,-0.0818356955168
1673961836545273725,-0.0441404115965
1673961836565298465,-0.043296244578
1673961836585871397,-0.0424520775595
1673961836605527998,-0.041607910541
1673961836625265663,-0.0407637435225
1673961836649723675,-0.039919576504
1673961836667976080,-0.0390754094855
1673961836691631783,-0.038231242467
1673961836705370462,-0.0373870754485
1673961836725714378,-0.0365429084301
1673961836748003311,-0.0356987414116
1673961836766494567,-0.0327558411438
1673961836785847090,-0.029812940876
1673961836805201399,-0.0268700406082
1673961836825424312,-0.0239271403405
1673961836845935974,-0.0209842400727
1673961836871430595,-0.0180413398049
1673961836885399565,-0.0150984395372
1673961836910684211,-0.0121555392694
1673961836925880857,-0.00921263900163
1673961836945818277,-0.00626973873386
1673961836968366035,0.00636045276241
1673961836987130513,0.0189906442587
1673961837005797804,0.0316208357549
1673961837025511351,0.0442510272512
1673961837045419758,0.0695114102437
1673961837065516683,0.0897613348161
1673961837085599795,0.110011259389
1673961837109309360,0.130261183961
1673961837125449203,0.150511108533
1673961837146000082,0.170761033106
1673961837170587372,0.191010957678
1673961837187204819,0.21126088225
1673961837212995306,0.231510806823
1673961837226625028,0.251760731395
1673961837246349431,0.272010655968
1673961837266716261,0.290510663892
1673961837288034641,0.309010671817
1673961837309491246,0.327510679742
1673961837328398307,0.346010687667
1673961837348472150,0.364510695592
1673961837375674714,0.383010703517
1673961837386986295,0.401510711441
1673961837406113406,0.420010719366
1673961837426046709,0.438510727291
1673961837448099716,0.457010735216
1673961837503077347,0.48431178763
1673961837506898978,0.511612840044
1673961837530515215,0.538913892458
1673961837530518106,0.566214944871
1673961837548908725,0.620817049699
1673961837578082886,0.636870856447
1673961837585639125,0.652924663195
1673961837607997742,0.668978469943
1673961837629927587,0.685032276691
1673961837646105427,0.701086083439
1673961837670358152,0.717139890186
1673961837687008260,0.733193696934
1673961837705574441,0.749247503682
1673961837727066395,0.76530131043
1673961837746081555,0.781355117178
1673961837766760186,0.831523180965
1673961837786738542,0.881691244753
1673961837810824280,0.93185930854
1673961837827568209,0.982027372328
1673961837845976333,1.03219543612
1673961837873412814,1.0823634999
1673961837890068640,1.13253156369
1673961837907048009,1.18269962748
1673961837925764178,1.23286769127
1673961837948077270,1.28303575505
1673961837972049786,1.34980806919
1673961837989164262,1.41658038332
1673961838008793865,1.48335269746
1673961838025628921,1.5501250116
1673961838046212617,1.68366963987
1673961838065436715,1.71606359062
1673961838086265555,1.74845754137
1673961838105258673,1.78085149212
1673961838125572654,1.81324544287
1673961838145783590,1.84563939363
1673961838165360199,1.87803334438
1673961838185320058,1.91042729513
1673961838205500056,1.94282124588
1673961838225218497,1.97521519663
1673961838246781981,2.00760914738
1673961838266067977,2.09118568948
1673961838285977202,2.17476223157
1673961838306850264,2.25833877367
1673961838325572076,2.34191531576
1673961838346003540,2.42549185786
1673961838375125844,2.50906839995
1673961838386156472,2.59264494205
1673961838405461567,2.67622148414
1673961838427226390,2.75979802624
1673961838450399904,2.84337456833
1673961838466858170,2.89348681754
1673961838493010024,2.94359906675
1673961838508922532,2.99371131595
1673961838536871911,3.04382356516
1673961838546250731,3.09393581436
1673961838566745315,3.14404806357
1673961838588788694,3.19416031277
1673961838607101561,3.29438481118
1673961838628813491,3.25886828374
1673961838646345528,3.22335175629
1673961838671114746,3.18783522885
1673961838686364935,3.1523187014
1673961838710043518,3.11680217396
1673961838727098138,3.08128564652
1673961838746669067,3.04576911907
1673961838768302195,3.01025259163
1673961838787458581,2.97473606418
1673961838807756687,2.93921953674
1673961838826034415,2.65567953563
1673961838845240098,2.37213953453
1673961838865775124,2.08859953342
1673961838887735542,1.80505953231
1673961838905772004,1.52151953121
1673961838925231662,1.2379795301
1673961838946507042,0.954439528999
1673961838967263582,0.670899527893
1673961838985545327,0.387359526788
1673961839005222699,0.103819525683
1673961839025409542,0.0934375731146
1673961839045139739,0.0830556205463
1673961839067158983,0.072673667978
1673961839086371244,0.0622917154097
1673961839108463854,0.0519097628414
1673961839125326803,0.0415278102731
1673961839145261948,0.0311458577049
1673961839165178159,0.0207639051366
1673961839186232684,0.0103819525683
1673961839225283325,-2.77555756156e-15
1673961839245807092,-2.77555756156e-15
1673961839265392483,-2.77555756156e-15
1673961839285871444,-2.77555756156e-15
1673961839306322011,-2.77555756156e-15
1673961839325523354,-2.77555756156e-15
1673961839345386655,-2.77555756156e-15
1673961839372034133,-2.77555756156e-15
1673961839386393508,-2.77555756156e-15
1673961839406852517,-2.77555756156e-15
1673961839425594122,-2.77555756156e-15
1673961839446671515,-2.77555756156e-15
1673961839465478107,-2.77555756156e-15
1673961839485309998,-2.77555756156e-15
1673961839507522951,-2.77555756156e-15
1673961839525863526,-2.77555756156e-15
1673961839545428736,-2.77555756156e-15
1673961839566844911,-2.77555756156e-15
1673961839586270275,-2.77555756156e-15
1673961839606485942,-2.77555756156e-15
1673961839626443035,-2.77555756156e-15
1673961839646360528,-2.77555756156e-15
1673961839665771487,-2.77555756156e-15
1673961839699972358,-2.77555756156e-15
1673961839706163347,-2.77555756156e-15
1673961839727339940,-2.77555756156e-15
1673961839747346941,-2.77555756156e-15
1673961839766108256,-2.77555756156e-15
1673961839785632481,-2.77555756156e-15
1673961839813036098,-2.77555756156e-15
1673961839826620078,-2.77555756156e-15
1673961839845463059,-2.77555756156e-15
1673961839865272789,-2.77555756156e-15
1673961839892742228,-2.77555756156e-15
1673961839906335771,-2.77555756156e-15
1673961839925363472,-2.77555756156e-15
1673961839948931509,-2.77555756156e-15
1673961839965683505,-2.77555756156e-15
1673961839987409736,-2.77555756156e-15
1673961840006867583,-2.77555756156e-15
1673961840025572771,-2.77555756156e-15
1673961840061024926,-2.77555756156e-15
1673961840075393741,-2.77555756156e-15
1673961840087880589,-2.77555756156e-15
1673961840105963705,-2.77555756156e-15
1673961840125305984,-2.77555756156e-15
1673961840148905907,-2.77555756156e-15
1673961840165529224,-2.77555756156e-15
1673961840185197804,-2.77555756156e-15
1673961840205454729,-2.77555756156e-15
1673961840225491497,-2.77555756156e-15
1673961840245207916,-2.77555756156e-15
1673961840265698911,-2.77555756156e-15
1673961840285421206,-2.77555756156e-15
1673961840305905012,-2.77555756156e-15
1673961840325515953,-2.77555756156e-15
1673961840345812116,-2.77555756156e-15
1673961840367799056,-2.77555756156e-15
1673961840386533467,-2.77555756156e-15
1673961840405350223,-2.77555756156e-15
1673961840425501075,-2.77555756156e-15
1673961840450786787,-2.77555756156e-15
1673961840467044470,-2.77555756156e-15
1673961840485263179,-2.77555756156e-15
1673961840505573817,-2.77555756156e-15
1673961840525310798,-2.77555756156e-15
1673961840545993149,-2.77555756156e-15
1673961840565770761,-2.77555756156e-15
1673961840587602995,-2.77555756156e-15
1673961840605326664,-2.77555756156e-15
1673961840625300952,-2.77555756156e-15
1673961840645317686,-2.77555756156e-15
1673961840665695743,-2.77555756156e-15
1673961840686732253,-2.77555756156e-15
1673961840705383034,-2.77555756156e-15
1673961840726810298,-2.77555756156e-15
1673961840745416181,-2.77555756156e-15
1673961840766112869,-2.77555756156e-15
1673961840785489595,-2.77555756156e-15
1673961840805420065,-2.77555756156e-15
1673961840829437263,-2.77555756156e-15
1673961840845624769,-2.77555756156e-15
1673961840865483445,-2.77555756156e-15
1673961840891506620,-2.77555756156e-15
1673961840906104581,-2.77555756156e-15
1673961840925526368,-2.77555756156e-15
1673961840945306847,-2.77555756156e-15
1673961840965252572,-2.77555756156e-15
1673961840985652491,-2.77555756156e-15
1673961841006791486,-2.77555756156e-15
1673961841025321925,-2.77555756156e-15
1673961841045367394,-2.77555756156e-15
1673961841065957970,-2.77555756156e-15
